https://i.ebayimg.com/thumbs/images/g/dHQAAOSwKepfzlE8/s-l300.jpg,Apple MacBook Pro 13 | MacOS Big Sur 2020 | 16GB RAM | 1TB SSD | WARRANTY | ,$574.99
https://i.ebayimg.com/thumbs/images/g/HRMAAOSwz2ZifgsW/s-l300.jpg,"Tempered Glass Screen Protector For iPhone 11 12 13 Mini, Pro Max, X, XS Max, XR",$1.87 to $3.51
https://i.ebayimg.com/thumbs/images/g/ZDgAAOSwLEth8GLy/s-l300.jpg,Full Cover TEMPERED Glass For iPhone 11 12 13 PRO XS MAX XR 7 8 Screen Protector,$7.53
https://i.ebayimg.com/thumbs/images/g/MCsAAOSwXMViZeqG/s-l300.jpg,Apple iPhone 11 Pro 64 - 256-Grade A +++ 12 months guarantee Italy equal to New,$460.85 to $514.44
https://i.ebayimg.com/thumbs/images/g/pa0AAOSwPkxfPeA9/s-l300.jpg,Phone Case for Apple iPhone 13 Pro Max 12 11 X XR XS 7 8 6S Case Silicone Cover,$1.07 to $3.20
https://i.ebayimg.com/thumbs/images/g/qVoAAOSwcjtijI7K/s-l300.jpg,"Apple MacBook Pro 13.3"" (128gb SSD, Intel Core i5 7.¬™...",$353.68
https://i.ebayimg.com/thumbs/images/g/IYAAAOSwXtFiOInB/s-l300.jpg, at&t iphone 11 10 8 7 plus 6s 6 pro max xs xr x se network code Unlock Service ,$6.99
https://ir.ebaystatic.com/cr/v/c1/s_1x2.gif,Apple iPhone X - 64GB - Space Grey (Unlocked) A1901 (GSM),$125.74
https://ir.ebaystatic.com/cr/v/c1/s_1x2.gif,"Case For iPhone 11 12 13 PRO MAX Mini X, XR XS Shockproof Protective 360 Cover",$7.53
https://ir.ebaystatic.com/cr/v/c1/s_1x2.gif,Apple iPhone SE 2020 2nd Gen 64GB Unlocked (White) - Pristine Condition,$4.78
https://ir.ebaystatic.com/cr/v/c1/s_1x2.gif,Case Cover For iPhone 13 12 Pro Max Mini 11 Pro SE 3rd XS XR 8+ 7 6s Clear TPU,$3.76 to $5.02
https://ir.ebaystatic.com/cr/v/c1/s_1x2.gif,"Apple MR9Q2B/A MacBook Pro 13.3in. 256 GB, Intel Core i5 8th Gen. 3.8GHz, 8GB -",$251.48
https://ir.ebaystatic.com/cr/v/c1/s_1x2.gif,Baseus 3 in 1 USB To Type-C Micro-USB Charger Cable Charging Lead For iPhone LG,$4.59
https://ir.ebaystatic.com/cr/v/c1/s_1x2.gif,Magnetic Smart Case For iPad Air 1 2 9.7 5/6th 10.2 9/7/8 Pro 10.5 11 Mini 3/4/5,$6.16 to $7.42
https://ir.ebaystatic.com/cr/v/c1/s_1x2.gif,Apple Airpods Pro Wireless Charging Case - Original Airpods Pro Charging Case,$55.97
https://ir.ebaystatic.com/cr/v/c1/s_1x2.gif,Apple iPhone 12 Pro - 128GB - Pacific Blue - Factory Unlocked - Cracked Screen,$542.00
https://ir.ebaystatic.com/cr/v/c1/s_1x2.gif,Original Apple airpods 2nd or 1st Charging Case Only-White COMPLETE,$37.64
https://ir.ebaystatic.com/cr/v/c1/s_1x2.gif,Apple iPhone 11 Pro - 64GB - Midnight¬†Green (Verizon) A2160 (CDMA + GSM),$250.00
https://ir.ebaystatic.com/cr/v/c1/s_1x2.gif,Case for iPhone 13 11 12 Pro Max Mini 7 8 SE XR XS Clear Shockproof Phone Cover,$0.78 to $3.58
https://ir.ebaystatic.com/cr/v/c1/s_1x2.gif,Apple iPhone SE Black 32GB Smartphone without Simlock,$63.13
https://ir.ebaystatic.com/cr/v/c1/s_1x2.gif,Kaspersky Internet Security 2022 3 Devices 2 Years Win iOS Mac Android AU Seller,$17.54
https://ir.ebaystatic.com/cr/v/c1/s_1x2.gif,Apple iPhone 7 - 32GB - Black (Unlocked) A1778 (GSM),$75.44
https://ir.ebaystatic.com/cr/v/c1/s_1x2.gif,C-usb cable 8 pin lightning 2m charger pd 20w apple iphone 13 pro max mini 12,$10.66
https://ir.ebaystatic.com/cr/v/c1/s_1x2.gif,Apple iphone xr - 64 gb-white-without icloud,$170.41
https://ir.ebaystatic.com/cr/v/c1/s_1x2.gif,Usb cable sync charger reinforces refill for iphone 6 6s 5s se 7 plus 8 x ipad,$1.07 to $6.42
https://ir.ebaystatic.com/cr/v/c1/s_1x2.gif,Apple iPhone XS All Conditions (Unlocked),$207.09 to $277.42
https://ir.ebaystatic.com/cr/v/c1/s_1x2.gif,Apple 2015 iPhone 6s Plus 64GB (NO SIM CARD)¬† ***FREE SHIPPING TO U.S.A.*** ,$175.99
https://ir.ebaystatic.com/cr/v/c1/s_1x2.gif,RefurbishedNew Apple iPhone 4S 8/16/32/64GB Original Unlocked Smartphone,$37.71 to $49.63
https://ir.ebaystatic.com/cr/v/c1/s_1x2.gif,Ac adapter charger apple iphone 12 20w pd usb-c usb type c eur plug,$15.54
https://ir.ebaystatic.com/cr/v/c1/s_1x2.gif,OEM Original Battery Replacement for Apple iPhone 6 6s 6/6s Plus 7 8 7/8 Plus,$7.95 to $11.69
https://ir.ebaystatic.com/cr/v/c1/s_1x2.gif,Apple Airpods Pro OEM Wireless Charging Case Replacement AUTHENTIC A2190 B GRADE,$50.99
https://ir.ebaystatic.com/cr/v/c1/s_1x2.gif,"Apple iphone 7 32 gb 128 gb, unlocked, black, rose gold, silver, red good condition pro",$116.71
https://ir.ebaystatic.com/cr/v/c1/s_1x2.gif,Apple iphone 7 unlocked 32gb 128gb black pink gold silver smartphone,$139.22 to $191.84
https://ir.ebaystatic.com/cr/v/c1/s_1x2.gif,Apple iPhone 12 - 64GB - Purple (Unlocked),$502.96
https://ir.ebaystatic.com/cr/v/c1/s_1x2.gif,Apple iPhone XR 128 - 256gb Grade A +++ 12 months guarantee Italy equal to New,$321.53 to $375.11
https://ir.ebaystatic.com/cr/v/c1/s_1x2.gif,"Apple MacBook Pro 13in (256GB SSD, M1, 8GB) Laptop - Silver - MYDA2LL/A...",$800.00
https://ir.ebaystatic.com/cr/v/c1/s_1x2.gif,Apple iPhone 13 128GB Midnight Unlocked New,$77.96
https://ir.ebaystatic.com/cr/v/c1/s_1x2.gif,Universal Gravity Car Holder Mount Air Vent Stand Cradle For Cell Phone Mobile,$2.21
https://ir.ebaystatic.com/cr/v/c1/s_1x2.gif,Funda para Apple iPhone 13 12 Pro Max 11 XR XS 8 7 Plus SE Silicona Carcasa,$1.07 to $3.94
https://ir.ebaystatic.com/cr/v/c1/s_1x2.gif,Macbook pro i5 6 gb ram,$181.13
https://ir.ebaystatic.com/cr/v/c1/s_1x2.gif,Joblot X 21 Untested iPads & Tablets Good Condition (Read Description),$251.47
https://ir.ebaystatic.com/cr/v/c1/s_1x2.gif,Apple iPhone 13 Mini 128 GB Green (Without Simlock),$404.05
https://ir.ebaystatic.com/cr/v/c1/s_1x2.gif,"Apple Macbook 2006 A1181 2 GB 500 GB Hdd 1,8 GHz",$32.15
https://ir.ebaystatic.com/cr/v/c1/s_1x2.gif,"13"" Apple MacBook Pro - i5, 8GB, 512GB Storage!",$219.00
https://ir.ebaystatic.com/cr/v/c1/s_1x2.gif,Apple Airpods (2nd Generation) Wireless R (Right) Headphones Only-White A2032,$37.77
https://ir.ebaystatic.com/cr/v/c1/s_1x2.gif,For iPhone 12 11 Pro Max XR X XS Max 8 7 6 5 TPU Clear Case Shockproof Cover,$1.89 to $4.99
https://ir.ebaystatic.com/cr/v/c1/s_1x2.gif,"Ô£ø √âCRAN LCD COMPLET ASSEMBL√â POUR MACBOOK AIR 13"" A1466 DE 2013 √Ä 2017 (GRADE B)",$214.24
https://i.ebayimg.com/thumbs/images/g/ewIAAOSwYVFg1o5o/s-l300.jpg,For Apple AirPods Pro 3 2&1 Case Leather Earphone Charging Protective Hard Cover,$5.02
https://i.ebayimg.com/thumbs/images/g/eyMAAOSwdeRiUyEb/s-l300.jpg,Funda para Apple iPhone 13 12 11 Mini Pro Max X XS 8 7 Plus ShockProof Carcasa,$1.07 to $3.83
https://i.ebayimg.com/thumbs/images/g/dm4AAOSwzgJikQYw/s-l300.jpg,Apple iphone 11 pro max 64go green no network,$407.27
https://i.ebayimg.com/thumbs/images/g/wj0AAOSwY8BgDmkX/s-l300.jpg,Disney Pixar Cars Lot Lightning McQueen 1:55 Diecast Model Car Toy Gift Loose,$4.99 to $19.99
https://i.ebayimg.com/thumbs/images/g/GTwAAOSwSTFe36Mu/s-l300.jpg,8 pin to hdmi digital tv av adapter cable for apple ipad iphone 5 6 7,$12.53
https://i.ebayimg.com/thumbs/images/g/ESoAAOSwrBZiIOq4/s-l300.jpg,Case Tempered Glass Protector For Apple Watch Series 3/4/5/6/7/SE 38mm 42mm 45mm,$2.50
https://i.ebayimg.com/thumbs/images/g/n8UAAOSwYaNf4qxb/s-l300.jpg,UV Tempered Glass For Apple Watch 7 SE 6 5 45MM 40MM 42MM 44MM Screen Protector,$3.96
https://ir.ebaystatic.com/cr/v/c1/s_1x2.gif,Case for iphone 12 11 pro max xs xr 8+ 7 plus 6 se 2020 shockproof silicone cover,$3.20 to $5.35
https://ir.ebaystatic.com/cr/v/c1/s_1x2.gif,Lcd screen touch glass on frame compatible iphone 6 6s 7 8 plus x xs xr 11,$27.76 to $128.50
https://ir.ebaystatic.com/cr/v/c1/s_1x2.gif,Universal holder magnet magnetic car smartphone apple samsung phone,$3.74
https://ir.ebaystatic.com/cr/v/c1/s_1x2.gif,Touch Glass LCD Display Apple iPhone X Incell Screen Top Quality as Original,$52.41
https://ir.ebaystatic.com/cr/v/c1/s_1x2.gif,The Sims 4 - ALL DLC Expansions/Stuff/Game/Kits *New Update* [PC/MAC] Origin,$25.14
https://ir.ebaystatic.com/cr/v/c1/s_1x2.gif,Premium Screen Protector Tempered Glass For iPhone 7 8 X Xs Max XR 11 12 13 Pro,$2.99 to $3.96
https://ir.ebaystatic.com/cr/v/c1/s_1x2.gif,"Colorful Apple Silicone Cases for IPhone 13, 12, 11, XR, X XS, 7, 8",$13.99
https://ir.ebaystatic.com/cr/v/c1/s_1x2.gif,"for Apple iPad 10.2"" 7th 8th 9th Generation Case Smart Cover Stand Flip Cover ",$9.37 to $12.42
https://ir.ebaystatic.com/cr/v/c1/s_1x2.gif,Apple iPhone 7 Plus - 128GB - Black (Unlocked) A1661 (CDMA + GSM),$79.99
https://ir.ebaystatic.com/cr/v/c1/s_1x2.gif,40/44/41/45mm For Apple Watch Series 7/5/4/SE Sport Nylon Loop iWatch Band Strap,$2.50 to $3.76
https://ir.ebaystatic.com/cr/v/c1/s_1x2.gif,For Apple iPhone 13 12 11 Pro XS Max XR 8 7 Plus Tempered Glass Screen Protector,$1.16 to $3.90
https://ir.ebaystatic.com/cr/v/c1/s_1x2.gif,Usb charger cable? c + rapid 20w adapter for iphone 13/12/11/xr/xs/max/8/7,$3.74 to $7.49
https://ir.ebaystatic.com/cr/v/c1/s_1x2.gif,Original iphone cable for iPhone 11 12 13 pro max type c to light,$6.38
https://ir.ebaystatic.com/cr/v/c1/s_1x2.gif,"REFURBISHED PRO ¬© IPhone X OLED Original Display, 100% Apple, Retina, Black",$90.02
https://ir.ebaystatic.com/cr/v/c1/s_1x2.gif,Curved Tempered Glass Film For Apple Watch 6/5/4/3/2/1/se 44/42/40/38 Series,$4.28 to $5.13
https://ir.ebaystatic.com/cr/v/c1/s_1x2.gif,360 case for iphone shockproof case protector cover 12 11 pro xr xs max 7 8 6s,$3.20 to $4.28
https://ir.ebaystatic.com/cr/v/c1/s_1x2.gif,Protection glass for iPhone 12 11 Pro Max XR 6 7 8 Screen Protector Premium Screen Protector,$1.07 to $4.28
https://ir.ebaystatic.com/cr/v/c1/s_1x2.gif,Zenith strap 38mm 40mm 41mm 42mm 44mm 45mm for apple watch band series 7 6 5,$4.17 to $4.81
https://ir.ebaystatic.com/cr/v/c1/s_1x2.gif,Flip Leather Case Cover For Apple iPad 4 3 2 8th 7th 6th Gen Air 2 3 4 Mini 4 5,$3.90 to $14.07
https://ir.ebaystatic.com/cr/v/c1/s_1x2.gif,Screen protector film hydrogel for apple iphone 11/12/pro/max/se 2/7/8/plus/xr,$3.52 to $3.70
https://ir.ebaystatic.com/cr/v/c1/s_1x2.gif,MagSafe Cover for Apple iPhone 11 Case Magnetic TPU Silicone Transparent,$10.45
https://ir.ebaystatic.com/cr/v/c1/s_1x2.gif,Non apple charger magsafe type + outlet 20w-iphone 12 13 max mini pro,$13.92
https://ir.ebaystatic.com/cr/v/c1/s_1x2.gif,Apple iPhone 8 Plus 64GB Silver Unlocked Sim Free A1905 Poor Condition 428,$125.73
https://ir.ebaystatic.com/cr/v/c1/s_1x2.gif,Apple iPhone 7 Black 128GB  A1660 Factory Unlocked GSM+CDMA ,$90.00
https://ir.ebaystatic.com/cr/v/c1/s_1x2.gif,For Apple Watch Leather Link Band Strap iWatch Series 7 6 5 4 3 SE 40/44/41/45mm,$8.79
https://ir.ebaystatic.com/cr/v/c1/s_1x2.gif,NEW Apple Microfibre LCD Screen Cleaning Cloth iMac Macbook + 2 x Apple Stickers,$6.75
https://ir.ebaystatic.com/cr/v/c1/s_1x2.gif,‚≠ê Original Display iPhone 11 Refurbished 100% APPLE LCD OLED OEM 3D Touch Glass ‚≠ê,$89.49
https://ir.ebaystatic.com/cr/v/c1/s_1x2.gif,Glass Touch LCD Apple iPhone 11 Display Screen Incell equal Original Monitor,$65.27
https://ir.ebaystatic.com/cr/v/c1/s_1x2.gif,"Battery Battery Replacement Battery for Apple iPad Air 2, A1566, A1567",$23.57
https://ir.ebaystatic.com/cr/v/c1/s_1x2.gif,10Pcs Seeds Geranium Apple Rosebud Blossom Perennial Beautiful Bright Flowers,$4.35
https://ir.ebaystatic.com/cr/v/c1/s_1x2.gif,Shockproof bumper case + glass iphone 11 pro max xs xr/silicone case protection,$2.13 to $4.28
https://ir.ebaystatic.com/cr/v/c1/s_1x2.gif,Apple iPhone 12 64GB Black Unlocked POOR CONDITION WORKS WELL 213,$314.34
https://ir.ebaystatic.com/cr/v/c1/s_1x2.gif,Adapter Cable Headset for Apple iPhone 12/11/x/8/7/6/5/se/2 jack aux,$6.38
https://ir.ebaystatic.com/cr/v/c1/s_1x2.gif,Shell case cover for iphone 7 8 se 2020/se 2022 flip cover leather door card,$5.35 to $8.56
https://ir.ebaystatic.com/cr/v/c1/s_1x2.gif,Lcd/oled + pane x/xs/xs max/xr/11/11 pro/11 pro max ‚úÖ &#127467; &#127479;,$53.58 to $85.73
https://ir.ebaystatic.com/cr/v/c1/s_1x2.gif,Case For iPhone 13 12 Pro Max 11 XR XS 8 7 Plus SE 2nd Shockproof Silicone Cover,$1.01 to $3.67
https://ir.ebaystatic.com/cr/v/c1/s_1x2.gif,For iPhone 13 12 11 Pro XS Max XR X 8 7 Plus SE Tempered Glass Screen Protector,$0.77 to $10.12
https://ir.ebaystatic.com/cr/v/c1/s_1x2.gif,McAfee Internet Security 2022 1 PC 1 year | VOLLVERSION/Upgrade | ‚òÄ ‚òÄ ‚òÄ ‚òÄ ‚òÄ ‚òÄ,$4.28
https://ir.ebaystatic.com/cr/v/c1/s_1x2.gif,Display Screen Protector 9H Glass Protective Tempered Tempered Glass for APPLE IPHONE Mobile Phone,$2.13 to $3.20
https://ir.ebaystatic.com/cr/v/c1/s_1x2.gif,"iPhone FAST CHECK Carrier, SIM-Lock, FindMy, Device Age - IMEI Info Checker GSX",$0.99
https://ir.ebaystatic.com/cr/v/c1/s_1x2.gif,Battery iphone 6/6s internal 0 cylce 100% new high quality + tools + adhesive,$8.46
https://i.ebayimg.com/thumbs/images/g/9OMAAOSwCmBhJ0K8/s-l300.jpg,Clear strap with pouch 42mm 44mm apple watch band series 6/5/4/3/2/1,$6.42
https://i.ebayimg.com/thumbs/images/g/0X0AAOSw8uNiFsOe/s-l300.jpg,Apple iPhone 8 Plus 64GB Silver Unlocked Sim Free A1905 Average Condition 314,$176.02
https://i.ebayimg.com/thumbs/images/g/4HkAAOSwKspiJmnm/s-l300.jpg,Apple iPhone XS Max 256GB Space Grey Unlocked Average Condition Grade C 104,$264.04
https://i.ebayimg.com/thumbs/images/g/PtQAAOSwSvNesH5z/s-l300.jpg,For Apple iPhone SE 8 7 6 6S 5 5S Plus XR X XS Tempered Glass Screen Protector,$0.78 to $4.68
https://i.ebayimg.com/thumbs/images/g/NqUAAOSws9FiPF5Y/s-l300.jpg,Apple iPhone 11 64gb 128gb 256gb-All Colours-Very Good,$374.04 to $481.22
https://i.ebayimg.com/thumbs/images/g/tmcAAOSw5d9fY~0r/s-l300.jpg,Apple iPhone XS (64GB / 256GB) Space Gray / Gold (Unlocked) Best Offer !!!! <<,$281.33
https://i.ebayimg.com/thumbs/images/g/eJoAAOSwhAxgbLQQ/s-l300.jpg,"Apple iPhone 11 - Unlocked - 64GB, 128GB, 256GB - All Colours - CA - Grade A",$347.75 to $492.32
https://ir.ebaystatic.com/cr/v/c1/s_1x2.gif,Apple iPhone XS Refurbished 64gb 256gb Excellent White Black Gold,$310.80 to $359.03
https://ir.ebaystatic.com/cr/v/c1/s_1x2.gif,3-PACK 6FT USB Data Charger Cables Cords For Apple iPhone 5 S 6 7 8 X Plus,$6.99
https://ir.ebaystatic.com/cr/v/c1/s_1x2.gif,Apple iPhone 11 Pro Max - Unlocked - 64GB / 256GB / 512GB - CA - Grade B,$523.58
https://ir.ebaystatic.com/cr/v/c1/s_1x2.gif,Apple iPhone X Refurbished 64gb 256gb Excellent Black White,$294.72 to $332.23
https://ir.ebaystatic.com/cr/v/c1/s_1x2.gif,Film Tempered Glass Protection for Apple iPhone 11/pro/6/7/8/Plus if 2020,$2.03 to $2.24
https://ir.ebaystatic.com/cr/v/c1/s_1x2.gif,Apple iPhone XR - (Unlocked) A1984 (GSM) (CA) 64GB/128GB/256GB - Grade A,$257.88 to $296.96
https://ir.ebaystatic.com/cr/v/c1/s_1x2.gif,Silicone bracelet for apple watch sport 38 40 41 42 44 45 mm serie 7 6 5 4 3 se,$7.49
https://ir.ebaystatic.com/cr/v/c1/s_1x2.gif,"Apple iPad 4 A1458 16GB 9.7"" Wi-Fi Black (Grade B)",$42.49
https://ir.ebaystatic.com/cr/v/c1/s_1x2.gif,Apple iPhone 7 32GB Rose Gold - Unlocked - Good Condition (Renewed),$82.99
https://ir.ebaystatic.com/cr/v/c1/s_1x2.gif,Apple iPhone 11 64gb 128gb 256gb-All Colours-Excellent,$406.19 to $502.65
https://ir.ebaystatic.com/cr/v/c1/s_1x2.gif,Apple iPhone XS 64GB/256GB Manufacture Unlocked - Canadian Model - Grade B,$232.88
https://ir.ebaystatic.com/cr/v/c1/s_1x2.gif,Screen Glass Touch Screen LCD Display Apple iPhone XS Max Incell equal Original,$63.13
https://ir.ebaystatic.com/cr/v/c1/s_1x2.gif,Apple iPhone XR 64gb 128gb 256gb-All Colours-Very Good,$256.15 to $352.61
https://ir.ebaystatic.com/cr/v/c1/s_1x2.gif,Apple iPhone XR Refurbished 64gb 128gb Excellent White Black Red Yellow,$300.08 to $348.31
https://ir.ebaystatic.com/cr/v/c1/s_1x2.gif,Apple iPhone 8 - Manufacture Unlocked - Canadian Model - Grade A,$164.11
https://ir.ebaystatic.com/cr/v/c1/s_1x2.gif,Charger Apple Original Plug Charger for iPhone 11 12 13 Mini Pro Max,$13.72
https://ir.ebaystatic.com/cr/v/c1/s_1x2.gif,Apple iPhone 13 128gb Blue MLPK 3ql/a new guarantee Italy 24 months,$814.52
https://ir.ebaystatic.com/cr/v/c1/s_1x2.gif,Apple iPhone XS Max - Unlocked - (CA) 64GB / 256GB / 512GB - Grade A,$332.12 to $398.55
https://ir.ebaystatic.com/cr/v/c1/s_1x2.gif,"üéÅ Apple iPhone 7 UNLOCKED - 32, 128 & 256 GB | All Colors (A1778) !!!!! üéÅ",$116.44 to $122.69
https://ir.ebaystatic.com/cr/v/c1/s_1x2.gif,Magic Bar 600 Puffs Vape Disposable Pod Pen 2% Nic Salt E Cig - Fast Dispatch,$5.78
https://ir.ebaystatic.com/cr/v/c1/s_1x2.gif,"Laptop Apple MacBook Air 13"" m1 8c. CPU/7c. GPU 256gb Gold Gold mgnd 3t/a","$1,020.20"
https://ir.ebaystatic.com/cr/v/c1/s_1x2.gif,"Apple iPad Pro 4th Generation 11"" 2nd Gen 128GB Wi-Fi + 4G Unlocked Grey 433",$477.80
https://ir.ebaystatic.com/cr/v/c1/s_1x2.gif,Strap for apple watch 38 40 41 42 44 45 mm series 7 6 5 4 3 nylon braided,$5.88 to $6.42
https://ir.ebaystatic.com/cr/v/c1/s_1x2.gif,Apple iPhone 7 32GB Silver Unlocked Sim Free A1778 AVERAGE GRADE C 432,$75.43
https://ir.ebaystatic.com/cr/v/c1/s_1x2.gif,"360 Rotating Case for Apple iPad 2 3 4 9.7"" 2019 2020 10.2"" Leather Stand Cover",$4.97
https://ir.ebaystatic.com/cr/v/c1/s_1x2.gif,"Apple iPhone 11 Pro - Unlocked - 64GB, 256GB, 512GB - All Colours - CA - Grade A",$421.99 to $461.06
https://ir.ebaystatic.com/cr/v/c1/s_1x2.gif,Apple iPhone 11 Pro 64gb 256gb 512gb-All Colours-Very Good,$470.50 to $641.98
https://ir.ebaystatic.com/cr/v/c1/s_1x2.gif,Apple iPhone XR 4G LTE  (Unlocked) ‚úî‚úîAll GB & Colors ‚úî BEST DEAL<< iPhone >>,$244.60 to $370.41
https://ir.ebaystatic.com/cr/v/c1/s_1x2.gif,Apple iPhone if (2020) 2nd Gen 64gb 128gb 256gb-All Colours-Excellent,$256.15 to $352.61
https://ir.ebaystatic.com/cr/v/c1/s_1x2.gif,Apple iPhone X 64GB/256GB Manufacture Unlocked - Canadian Model - Grade B,$226.62
https://ir.ebaystatic.com/cr/v/c1/s_1x2.gif,"Apple iPhone 7 Plus (Unlocked) All GBs -Silver, Rose, Gold, Black, Red 4G LTE !!",$162.71 to $250.06
https://ir.ebaystatic.com/cr/v/c1/s_1x2.gif,Iphone 11 case pro max x xs max 8 7 glass screen protector 6s case cover,$1.07 to $4.81
https://ir.ebaystatic.com/cr/v/c1/s_1x2.gif,Original Apple 20W Power Supply Adapter USB Type-C Charger mhje 3ZM/A iPhone 12 13,$18.97
https://ir.ebaystatic.com/cr/v/c1/s_1x2.gif,Case Cover for Apple iPhone 11 11 Pro Max XR XS + Film Tempered Glass,$2.13 to $5.88
https://ir.ebaystatic.com/cr/v/c1/s_1x2.gif,Geek Bar 600 Puff Disposable Nic Salt Vape Pod Device 500 mAh 10mg & 20mg,$6.02
https://ir.ebaystatic.com/cr/v/c1/s_1x2.gif,New Apple iPhone XS Max 64GB Factory Unlocked T-Mobile AT&T Verizon ,$448.99
https://ir.ebaystatic.com/cr/v/c1/s_1x2.gif,Cover Apple iPhone 11 12 13 Pro Max mini case silicone original blister,$13.81
https://ir.ebaystatic.com/cr/v/c1/s_1x2.gif,Apple Case Cover for iPhone X XS XR 11 12 13 Pro Max silicone original,$11.25
https://ir.ebaystatic.com/cr/v/c1/s_1x2.gif,Apple iPhone XS Max - Unlocked - (CA) 64GB / 256GB / 512GB - Grade B,$332.12
https://ir.ebaystatic.com/cr/v/c1/s_1x2.gif,Cover Apple Silicone Case for iPhone 11 12 13 Pro Max Mini Original Case,$13.83
https://ir.ebaystatic.com/cr/v/c1/s_1x2.gif,"Original Silicone Case Cover Apple iPhone 6,7,8,x, XS, XR, if, 11,pro, max, Plus,",$13.81
https://i.ebayimg.com/thumbs/images/g/r9IAAOSwxcViIf-b/s-l300.jpg,Usb magnetic charger dock cable for apple watch 6/5/4/3/2/1 38/40/42/44mm,$8.56
https://i.ebayimg.com/thumbs/images/g/tjIAAOSwaldiF9F5/s-l300.jpg,Glass Camera for Apple iPhone 13 Protection Film Slide Tempered 13,$4.23
https://i.ebayimg.com/thumbs/images/g/d~YAAOSwax5YsWut/s-l300.jpg,Magnetic Flip Leather Wallet Case Cover For Apple iPhone 11 XS XR SE 2020 8/7/6,$1.24 to $3.76
https://i.ebayimg.com/thumbs/images/g/8t8AAOSwcUxc79ag/s-l300.jpg,Mobile Phone Protective Sleeve Apple Huawei Samsung Flip Cover Card Pocket Case Folding Pouch,$8.46
https://i.ebayimg.com/thumbs/images/g/YHAAAOSwGD9e0Bto/s-l300.jpg,Apple iPhone XS 64GB/256GB Manufacture Unlocked - Canadian Model - Grade A,$273.51
https://i.ebayimg.com/thumbs/images/g/MwoAAOSwEm9iIPtH/s-l300.jpg,LCD OLED Display for Apple iPhone X 10 screen of Original GX touch screen,$57.77
https://i.ebayimg.com/thumbs/images/g/QGYAAOSw91Vh2uvM/s-l300.jpg,"Original Charger Cable Apple iPhone 11,12,13 Pro Max Mini 20w, Charger",$14.47 to $33.76
https://ir.ebaystatic.com/cr/v/c1/s_1x2.gif,Charger plug Charger for Apple iPhone 11 12 13 equal Original 20w,$13.49
https://ir.ebaystatic.com/cr/v/c1/s_1x2.gif,"Apple iPhone if 2022 64gb Memory Display 4.7"" (PRODUCT) RED Red mmxh3zd/a",$498.47
https://ir.ebaystatic.com/cr/v/c1/s_1x2.gif,Apple iPhone 8 64gb 256gb-All Colours-Excellent,$170.41
https://ir.ebaystatic.com/cr/v/c1/s_1x2.gif,"Apple iPhone 7 | 32,128 &256 GB | Black/ Jet Black /Gold (A1778) UNLOCKED !!!!",$101.59 to $116.44
https://ir.ebaystatic.com/cr/v/c1/s_1x2.gif,Camera lens protector for Apple iPhone 11 12 13 pro max mini,$1.79
https://ir.ebaystatic.com/cr/v/c1/s_1x2.gif,E-Liquid Vape Juice OHMMYDAYZ 50ml Premium Max VG 80/20 PG No Nicotine ShortFill,$4.90
https://ir.ebaystatic.com/cr/v/c1/s_1x2.gif,Charger cable for iPhone iPad 1m iPad 7 8 11/12 x xs6 pro plus as original,$5.31
https://ir.ebaystatic.com/cr/v/c1/s_1x2.gif,For iPhone 13 12 11 Pro Max 6 7 8 Plus XS Max XR X SE Case Shockproof Ring Cover,$6.97 to $7.97
https://ir.ebaystatic.com/cr/v/c1/s_1x2.gif,New Condition Boxed Apple iPhone SE 1st Gen 16GB Unlocked Space Gray - Warranty,$91.78
https://ir.ebaystatic.com/cr/v/c1/s_1x2.gif,Apple iPhone 12 Mini 64gb 128gb 256gb-All Colours-Refurbished,$534.80 to $631.26
https://ir.ebaystatic.com/cr/v/c1/s_1x2.gif,Bling Metal iWatch Strap+Full Screen Case For Apple Watch Series 7 6 5 4 3 2 1 ,$7.53 to $16.28
https://ir.ebaystatic.com/cr/v/c1/s_1x2.gif,Apple iPhone XS Refurbished Good 64gb 256gb White Black Gold,$294.72
https://ir.ebaystatic.com/cr/v/c1/s_1x2.gif,Apple iPhone 12 Mini 128gb-Black-Unlocked-Excellent,$556.24
https://ir.ebaystatic.com/cr/v/c1/s_1x2.gif,Touch glass + lcd screen retina iphone 4/5s/se/6/6s/7+/8+/xr/xs/11/12 pro max,$1.60 to $203.53
https://ir.ebaystatic.com/cr/v/c1/s_1x2.gif,Apple Watch Series 5 Aluminum 40mm 44mm-Refurbished-Very Good,$213.28 to $234.71
https://ir.ebaystatic.com/cr/v/c1/s_1x2.gif,PD 20 w Load Power Supply Charger original apple 20w for iPhone 11 12 13,$17.15
https://ir.ebaystatic.com/cr/v/c1/s_1x2.gif,Apple M1 MacBook Air 13-inch 512GB SSD 16GB RAM Mac Book Laptop Ô£ø Silicon | Grey,"$1,759.10"
https://ir.ebaystatic.com/cr/v/c1/s_1x2.gif,Cover Case for Apple iPhone X XS XR 11 12 13 Pro Mini Max Silicone Case,$11.78
https://ir.ebaystatic.com/cr/v/c1/s_1x2.gif,"Apple MacBook Pro A1707 15"" 2016 i7 2.6 16GB 256GB AS IS READ",$450.00
https://ir.ebaystatic.com/cr/v/c1/s_1x2.gif,Apple iPhone 11 128gb-Black-Unlocked-Very Good,$427.63
https://ir.ebaystatic.com/cr/v/c1/s_1x2.gif,"Check mdm (remote management) iphone ipad audit results on, off,",$8.57
https://ir.ebaystatic.com/cr/v/c1/s_1x2.gif,Apple iPhone XS 64GB Space Grey Unlocked Sim Free A2097 GOOD CONDITIONN 765,$226.32
https://ir.ebaystatic.com/cr/v/c1/s_1x2.gif,Apple iPhone X - 256GB - Space Grey (Unlocked) A1901 (GSM),$276.62
https://ir.ebaystatic.com/cr/v/c1/s_1x2.gif,Apple Watch iWatch Series 3/4/5/6 & 7 NANO Armoured Screen Protector Glass Film,$3.42
https://ir.ebaystatic.com/cr/v/c1/s_1x2.gif,NEW Battery for Apple iPhone x/7/6/8/6s/xr/5s/se/plus Mah of Original,$17.04 to $32.05
https://ir.ebaystatic.com/cr/v/c1/s_1x2.gif,Apple iPhone XS XS Max 64GB 256GB - Unlocked All Colours - mix GRADE,$289.20 to $364.65
https://ir.ebaystatic.com/cr/v/c1/s_1x2.gif,Nylon Strap Compatible Apple Watch Series 1/2/3/4/5/6/7/se 38/40mm 42/44mm,$8.57
https://ir.ebaystatic.com/cr/v/c1/s_1x2.gif,Apple iPhone 6S Rose Gold/Grey/Silver 16GB-32GB-64GB-128GB Unlocked-A1688 iOS 14,$82.05 to $104.72
https://ir.ebaystatic.com/cr/v/c1/s_1x2.gif,Apple iPhone 11 64gb 128gb 256gb-All Colours Certified Refurbished -,$438.35 to $545.52
https://ir.ebaystatic.com/cr/v/c1/s_1x2.gif,NEW APPLE MACBOOK PRO 2.4GHz  Core i9  8TB 64GIG RAM APPLE CARE 445 DAYS,"$4,650.75"
https://ir.ebaystatic.com/cr/v/c1/s_1x2.gif,Data Cable Lightning Charging type C 1 MT for Apple iPhone 11/12/13/Pro/Max,$9.64
https://ir.ebaystatic.com/cr/v/c1/s_1x2.gif,Apple iPhone 12 mini - 64gb-white (unlocked) - warranty,$535.88
https://ir.ebaystatic.com/cr/v/c1/s_1x2.gif,Tempered Glass Film For Apple iPhone 13 12 Mini Pro Max 11 XR X XS 8 7 6s,$2.11
https://ir.ebaystatic.com/cr/v/c1/s_1x2.gif,Cover Case + Film Tempered Glass for iPhone 13 12 Mini 11 Pro Max 12,$2.13 to $5.35
https://ir.ebaystatic.com/cr/v/c1/s_1x2.gif,Apple iPhone 7 - 128GB - Silver - Unlocked Smartphone Good Condition,$144.59
https://ir.ebaystatic.com/cr/v/c1/s_1x2.gif,Apple iPhone 8 space Gray - 64gb - (FREE) a1905 (GSM) opened never used,$253.38
https://ir.ebaystatic.com/cr/v/c1/s_1x2.gif,Charger MagSafe Charger For Apple iPhone 11 12 13 Wireless 15w a2140,$21.33
https://ir.ebaystatic.com/cr/v/c1/s_1x2.gif,Original iphone cable 1m apple lightning usb charger 5/se/6/7/8/x/xr/xs/11,$8.56
https://ir.ebaystatic.com/cr/v/c1/s_1x2.gif,Film Tempered Glass Film Protection for Apple iPhone 13 12 Mini 11 pro max,$2.13 to $2.45
https://ir.ebaystatic.com/cr/v/c1/s_1x2.gif,"(new) original apple battery for macbook pro 15"" a1990 2018 2019 (a1953)",$133.86
https://ir.ebaystatic.com/cr/v/c1/s_1x2.gif,"Nine touchbar lcd screen touch bar for macbook pro 13"" a1706 a1989 a2159",$42.76
